CHROM	POS	POS	value
chrI	598293	598293	2
chrI	725463	725463	2
chrI	1874654	1874654	2
chrI	2320192	2320192	2
chrI	2567888	2567888	1
chrI	2772672	2772672	2
chrI	3047958	3047958	2
chrI	3077910	3077910	2
chrI	3220176	3220176	2
chrI	3225198	3225198	2
chrI	3248081	3248081	2
chrI	3441350	3441350	1
chrI	3553187	3553187	2
chrI	3567030	3567030	2
chrI	4385086	4385086	2
chrI	4575961	4575961	2
chrI	4833256	4833256	2
chrI	4861868	4861868	1
chrI	4955762	4955762	2
chrI	5236980	5236980	2
chrI	5237227	5237227	2
chrI	5733549	5733549	2
chrI	6011101	6011101	2
chrI	6533041	6533041	2
chrI	6619403	6619403	2
chrI	6720416	6720416	2
chrI	7572230	7572230	1
chrI	8887959	8887959	2
chrI	9212646	9212646	2
chrI	10327795	10327795	2
chrI	11006010	11006010	2
chrI	11099619	11099619	2
chrI	11515302	11515302	2
chrI	11540388	11540388	2
chrI	11540401	11540401	2
chrI	11540413	11540413	2
chrI	11543444	11543444	2
chrI	11564810	11564810	2
chrI	11583303	11583303	2
chrI	11698868	11698868	2
chrI	11816994	11816994	2
chrI	11876391	11876391	2
chrI	11931345	11931345	2
chrI	12073129	12073129	2
chrI	12738091	12738091	2
chrI	12949790	12949790	2
chrI	13173221	13173221	2
chrI	13514175	13514175	2
chrI	13729981	13729981	2
chrI	13748601	13748601	2
chrI	14236466	14236466	2
chrI	14236466	14236466	2
chrI	14297779	14297779	2
chrI	14867461	14867461	1
chrI	15053814	15053814	2
chrII	472079	472079	2
chrII	1236489	1236489	2
chrII	3352799	3352799	2
chrII	3380305	3380305	2
chrII	3562468	3562468	2
chrII	4315663	4315663	2
chrII	4473224	4473224	2
chrII	5009947	5009947	2
chrII	5479826	5479826	2
chrII	6142192	6142192	2
chrII	6545013	6545013	2
chrII	6725165	6725165	2
chrII	7661286	7661286	2
chrII	7775018	7775018	2
chrII	7865102	7865102	2
chrII	9305994	9305994	2
chrII	9456520	9456520	2
chrII	9862615	9862615	1
chrII	10793425	10793425	2
chrII	11218228	11218228	2
chrII	11247862	11247862	2
chrII	11297715	11297715	2
chrII	11416539	11416539	2
chrII	11643717	11643717	2
chrII	12924805	12924805	2
chrII	13518717	13518717	2
chrIII	65923	65923	2
chrIII	1551351	1551351	2
chrIII	2047808	2047808	2
chrIII	3858865	3858865	2
chrIII	4714462	4714462	2
chrIII	5639695	5639695	2
chrIII	5884414	5884414	2
chrIII	6217224	6217224	2
chrIII	6990326	6990326	2
chrIII	7865554	7865554	1
chrIII	8101842	8101842	2
chrIII	9551173	9551173	2
chrIII	12284617	12284617	2
chrIII	12841969	12841969	1
chrIII	12929465	12929465	2
chrIV	335808	335808	1
chrIV	1441831	1441831	1
chrIV	1668905	1668905	1
chrIV	1975315	1975315	2
chrIV	2133781	2133781	2
chrIV	2161538	2161538	2
chrIV	2285507	2285507	2
chrIV	3525652	3525652	2
chrIV	3926921	3926921	2
chrIV	3926921	3926921	2
chrIV	4931173	4931173	2
chrIV	6810908	6810908	2
chrIV	6968086	6968086	2
chrIV	7806196	7806196	2
chrIV	7834091	7834091	2
chrIV	11018402	11018402	2
chrIV	11631566	11631566	2
chrIV	12169938	12169938	2
chrIV	13379703	13379703	1
chrV	225421	225421	2
chrV	745559	745559	2
chrV	842117	842117	1
chrV	857887	857887	2
chrV	866660	866660	2
chrV	1912056	1912056	2
chrV	2591653	2591653	2
chrV	2706527	2706527	2
chrV	3103632	3103632	2
chrV	3515789	3515789	2
chrV	3556531	3556531	2
chrV	3561700	3561700	1
chrV	3611785	3611785	2
chrV	3637656	3637656	2
chrV	3648014	3648014	2
chrV	3682636	3682636	2
chrV	4458695	4458695	2
chrV	4522927	4522927	2
chrV	4597303	4597303	2
chrV	6263197	6263197	2
chrV	6630215	6630215	2
chrV	6826421	6826421	2
chrV	6934752	6934752	2
chrV	7609923	7609923	2
chrV	8266485	8266485	2
chrV	8616061	8616061	2
chrV	9348170	9348170	2
chrV	9951816	9951816	2
chrV	11676142	11676142	2
chrV	11707298	11707298	2
chrV	12618987	12618987	2
chrV	12893352	12893352	2
chrV	13134238	13134238	2
chrV	13321881	13321881	1
chrV	13451195	13451195	2
chrV	13646001	13646001	1
chrV	14379940	14379940	2
chrV	14392868	14392868	2
chrV	14662330	14662330	2
chrV	14997197	14997197	2
chrV	15109961	15109961	1
chrV	16526029	16526029	2
chrV	17157439	17157439	2
chrV	17241374	17241374	2
chrV	18530343	18530343	1
chrV	18767052	18767052	2
chrV	18970258	18970258	2
chrV	20250217	20250217	2
chrX	90274	90274	1
chrX	126498	126498	1
chrX	298415	298415	2
chrX	326670	326670	2
chrX	554822	554822	2
chrX	624601	624601	2
chrX	635837	635837	2
chrX	889778	889778	2
chrX	948268	948268	2
chrX	1434753	1434753	1
chrX	1537164	1537164	2
chrX	2871283	2871283	2
chrX	5443646	5443646	2
chrX	5475474	5475474	2
chrX	5785552	5785552	2
chrX	5785799	5785799	2
chrX	5839613	5839613	2
chrX	6206213	6206213	2
chrX	6208670	6208670	2
chrX	6259000	6259000	2
chrX	6269886	6269886	2
chrX	6499415	6499415	2
chrX	6680137	6680137	2
chrX	6713672	6713672	2
chrX	6741854	6741854	2
chrX	6831740	6831740	2
chrX	6888664	6888664	1
chrX	6930895	6930895	1
chrX	6982584	6982584	1
chrX	7130950	7130950	1
chrX	7138797	7138797	1
chrX	7309119	7309119	1
chrX	7329905	7329905	1
chrX	7427620	7427620	1
chrX	7666694	7666694	1
chrX	7685018	7685018	1
chrX	7790688	7790688	1
chrX	7866585	7866585	1
chrX	8496384	8496384	2
chrX	8684135	8684135	1
chrX	8874532	8874532	1
chrX	9343668	9343668	2
chrX	9407264	9407264	2
chrX	9460335	9460335	1
chrX	9507407	9507407	1
chrX	9538610	9538610	2
chrX	10170231	10170231	1
chrX	10218329	10218329	1
chrX	13143144	13143144	2
chrX	14117599	14117599	2
chrX	14271157	14271157	2
chrX	14575887	14575887	2
chrX	14603559	14603559	2
chrX	14988819	14988819	2
chrX	15055594	15055594	2
chrX	17157507	17157507	2
