chr	start	end	value
chrI	211435	211435	1
chrI	347928	347928	1
chrI	363630	363630	2
chrI	845076	845076	1
chrI	865165	865165	1
chrI	898349	898349	2
chrI	1195966	1195966	2
chrI	1617557	1617557	1
chrI	1709429	1709429	2
chrI	2153699	2153699	1
chrI	2574495	2574495	1
chrI	2840782	2840782	1
chrI	2883182	2883182	1
chrI	2967105	2967105	1
chrI	4712726	4712726	1
chrI	5664431	5664431	1
chrI	6909335	6909335	1
chrI	8874630	8874630	2
chrI	12108213	12108213	2
chrI	12560006	12560006	2
chrI	12706765	12706765	2
chrI	12889929	12889929	2
chrI	14599089	14599089	1
chrI	15067616	15067616	2
chrI	15067862	15067862	2
chrX	259347	259347	2
chrX	299380	299380	2
chrX	531149	531149	2
chrX	693760	693760	2
chrX	759800	759800	1
chrX	852726	852726	2
chrX	903639	903639	2
chrX	1281340	1281340	2
chrX	1290023	1290023	1
chrX	1487778	1487778	2
chrX	1539579	1539579	2
chrX	1910743	1910743	1
chrX	2041072	2041072	1
chrX	2122485	2122485	1
chrX	2226429	2226429	1
chrX	2268165	2268165	1
chrX	2760392	2760392	2
chrX	2853848	2853848	2
chrX	3253754	3253754	2
chrX	3515308	3515308	1
chrX	3784840	3784840	2
chrX	4006429	4006429	2
chrX	4271548	4271548	2
chrX	5328944	5328944	2
chrX	5575570	5575570	2
chrX	5645548	5645548	2
chrX	6092496	6092496	2
chrX	6093427	6093427	2
chrX	6280077	6280077	2
chrX	6309003	6309003	2
chrX	6917367	6917367	2
chrX	6968378	6968378	2
chrX	7666694	7666694	2
chrX	8062552	8062552	1
chrX	8113424	8113424	2
chrX	8565192	8565192	2
chrX	8918078	8918078	2
chrX	9179992	9179992	2
chrX	9343668	9343668	2
chrX	9405039	9405039	2
chrX	9421095	9421095	2
chrX	9515962	9515962	2
chrX	9708875	9708875	2
chrX	9732227	9732227	2
chrX	9791080	9791080	2
chrX	10289213	10289213	2
chrX	10338527	10338527	2
chrX	11193764	11193764	2
chrX	11612355	11612355	2
chrX	12183708	12183708	2
chrX	12255561	12255561	2
chrX	12494691	12494691	2
chrX	12963569	12963569	2
chrX	14088312	14088312	2
chrX	14477668	14477668	2
chrX	14497052	14497052	2
chrX	14841265	14841265	2
chrX	15008187	15008187	1
chrX	15366963	15366963	2
chrX	15689973	15689973	2
chrX	15925218	15925218	2
chrX	15999451	15999451	2
chrX	16281735	16281735	1
chrX	16393885	16393885	2
chrX	16849613	16849613	1
chrX	16974403	16974403	2
chrX	16979406	16979406	2
chrX	17011832	17011832	2
chrX	17242622	17242622	1
chrX	17284922	17284922	1
